 ,,Google Drive Link: https://drive.google.com/drive/folders/1nSiw3mkP1B4IReRq980WTEhf6HkPFSeb?usp=share_link,,,,,,,,,,,,,,,,,,,
Name,Photo Link,References: https://www.businessinsider.com/january-6-committee-hearings-witnesses-marc-short-jeff-rosen-2022-6#jason-van-tatenhove-former-oath-keepers-spokesman-21,,,,,,,,,,,,,,,,,,,
Albert Foley,CANNOT LOCATE,,,,,,,,,,,,,,,,,,,,
Alex Cannon,https://drive.google.com/file/d/1nhupBTkBG32MKosCJuDf5bQH1G64am8Y/view?usp=share_link,,,,,,,,,,,,,,,,,,,,
Alex Holder,https://drive.google.com/file/d/1QncY-LKaW0GtxpslfWh8_Aw-zCD0TxAY/view?usp=share_link,,,,,,,,,,,,,,,,,,,,
Alex Jones,https://drive.google.com/file/d/1QvztAieSJnU0P9GxtOSUlrK1JtigO7dp/view?usp=share_link,,,,,,,,,,,,,,,,,,,,
Alexander Bruesewitz,https://drive.google.com/file/d/1oCLq3zHl8Lk4Pb7yjYGB9ilE0boUg9Bd/view?usp=share_link,,,,,,,,,,,,,,,,,,,,
Alexandra Preate,https://drive.google.com/file/d/1FZLoUP5vQEIH7r98QCKYORzRHCrk1-zP/view?usp=share_link,,,,,,,,,,,,,,,,,,,,
Ali Alexander,https://drive.google.com/file/d/1sVP9PDhHSer5rjlvAdC-Hni-buNMhvNc/view?usp=share_link,,,,,,,,,,,,,,,,,,,,
Alondra Propes,CANNOT LOCATE,,,,,,,,,,,,,,,,,,,,
Alyssa Farah Griffin,https://drive.google.com/file/d/1JhaYVUrgES05-9jM3mvKiHti_StNVhg7/view?usp=share_link,,,,,,,,,,,,,,,,,,,,
Amy H. Swonger,https://drive.google.com/file/d/1YkzcfxZJ8jRZgz7poIt1b811OkV2iV8n/view?usp=share_link,,,,,,,,,,,,,,,,,,,,
Amy Kremer,https://drive.google.com/file/d/19m47xwBWAz3MyT8ufc6mQr0kvqZJp--k/view?usp=share_link,,,,,,,,,,,,,,,,,,,,
Andrew Hitt,https://drive.google.com/file/d/15UNW5dX35SYhv-iREohTsWgTGqDsKjAg/view?usp=share_link,,,,,,,,,,,,,,,,,,,,
Andrew Surabian,https://drive.google.com/file/d/1SSjE0yBFe0-sS29hgAaKySXz0-lydM_V/view?usp=share_link,,,,,,,,,,,,,,,,,,,,
"Andrew Zachary ""Zach"" Parkinson",https://drive.google.com/file/d/12nChqIyZFGM7QPXFV09qYIpZi8IgGbIH/view?usp=share_link,,,,,,,,,,,,,,,,,,,,
Angela McCallum,https://drive.google.com/file/d/1f9_EYip7u4Umuelx_4Tq7mqXBfRR7qm1/view?usp=share_link,,,,,,,,,,,,,,,,,,,,
Anika Collier Navaroli,https://drive.google.com/file/d/10ntxMKac1bL0ZmfQROjWvyfGqh0xtbsK/view?usp=share_link,,,,,,,,,,,,,,,,,,,,
Annie Christine Howell,https://drive.google.com/file/d/1pFTNlIXbSUzMpfZWuYOUpi-qkiGsxPNr/view?usp=share_link,,,,,,,,,,,,,,,,,,,,
Anthony Ornato,https://drive.google.com/file/d/1VVrL8XV0TN45RetdFVoiI7tdyB3OhCSM/view?usp=share_link,,,,,,,,,,,,,,,,,,,,
Anton Lunyk,https://drive.google.com/file/d/1I_T9_ts6Juhc6_jUiBhR1278j0Xh_8Mf/view?usp=share_link,,,,,,,,,,,,,,,,,,,,
Antonio P. LaMotta,https://drive.google.com/file/d/1NjhsLV_zybTJ6qzNzSY9lYBuAdZB5Gvc/view?usp=share_link,,,,,,,,,,,,,,,,,,,,
Arina Grossu,https://drive.google.com/file/d/1JlPZ82fKQp7-eyzukjX9peLHqm_Qzi-s/view?usp=share_link,,,,,,,,,,,,,,,,,,,,
Arthur Schwartz,https://drive.google.com/file/d/16KN0t6sg6bI5idBjzxeYBnx-I0B-m-fN/view?usp=share_link,,,,,,,,,,,,,,,,,,,,
Audra Joy Lemons-Johnson,https://drive.google.com/file/d/1vF_vpDUzddR1XH1GaQFS82H7qQnGeDr1/view?usp=share_link,,,,,,,,,,,,,,,,,,,,
Austin Boedigheimer,https://drive.google.com/file/d/18RBC2T5YpEe9_UQpyScUD6oosjmV1ofd/view?usp=share_link,,,,,,,,,,,,,,,,,,,,
Austin Ferrer Piran Basualdo,https://drive.google.com/file/d/1jNFMtpe8o7uRBfUoJFwqz47_KYkaYDDK/view?usp=share_link,,,,,,,,,,,,,,,,,,,,
Ben Angle,https://drive.google.com/file/d/15VBXWmObIcNNgZaI3b8cepXSiyzPYnV6/view?usp=share_link,,,,,,,,,,,,,,,,,,,,
Ben Williamson,https://drive.google.com/file/d/1SdofrJ4bOSENjcfnDA4wKI9cUxhcvm-Z/view?usp=share_link,,,,,,,,,,,,,,,,,,,,
Bernard Kerik,https://drive.google.com/file/d/1j38E-7Us-crHUxD4RzHktiaWEQJ3CsxK/view?usp=share_link,,,,,,,,,,,,,,,,,,,,
Bianca Gracia,https://drive.google.com/file/d/1wQyWb7zQBssQQJWXHjrUicDRdafiisyq/view?usp=share_link,,,,,,,,,,,,,,,,,,,,
Brad Raffensperger,https://drive.google.com/file/d/1-zWLOYyvWD3sHng8qYBMwEy0O83bbQ89/view?usp=share_link,,,,,,,,,,,,,,,,,,,,
Brandon Straka,https://drive.google.com/file/d/1-Dp5yWENhHCHkkyFMxPKBNGcFkIEyRcp/view?usp=share_link,,,,,,,,,,,,,,,,,,,,
Brian Fishman,https://drive.google.com/file/d/1LiAyaaayD05jGzCKgEokRmxZHgFpNGuQ/view?usp=share_link,,,,,,,,,,,,,,,,,,,,
Brian Jack,https://drive.google.com/file/d/1R6DA06ZV9uOEqcvretmFZcW47gJAGuPC/view?usp=share_link,,,,,,,,,,,,,,,,,,,,
Bryan Cutler,https://drive.google.com/file/d/1reuK3kwQmIeA9A3cRcsLnJ4nioTY7sHZ/view?usp=share_link,,,,,,,,,,,,,,,,,,,,
Byung J. Pak,https://drive.google.com/file/d/1AgU4VSDll8XKEZb1xY8lbkKO8a0PrMpW/view?usp=share_link,,,,,,,,,,,,,,,,,,,,
Carla Krzywicki,https://drive.google.com/file/d/14-ztW_p0SioAWHEUEnc9Lnw9AVIVKNmj/view?usp=drivesdk,,,,,,,,,,,,,,,,,,,,
Caroline Elizabeth Edwards,https://drive.google.com/file/d/1--s3HuWu8-dETO_0sgRLqhC4ovnn5LpZ/view?usp=drivesdk,,,,,,,,,,,,,,,,,,,,
Caroline Wren,https://drive.google.com/file/d/1-L57NWYgIV11HwXb_3mOwKgfcAq7fm-S/view?usp=drivesdk,,,,,,,,,,,,,,,,,,,,
Cassidy J. Hutchinson,https://drive.google.com/file/d/14NWBpIsAH_8r10mU9KH1elE5-2tAtbUI/view?usp=drivesdk,,,,,,,,,,,,,,,,,,,,
Cassie Docksey,https://drive.google.com/file/d/14PTeDIWepG84lI0lTbdFTviV2XTV9kQI/view?usp=drivesdk,,,,,,,,,,,,,,,,,,,,
Chad Wolf,https://drive.google.com/file/d/14hj3LlVoKdm6hitLByoqrrAfqKg9QJPv/view?usp=drivesdk,,,,,,,,,,,,,,,,,,,,
Charles Bowman,https://drive.google.com/file/d/14vegLzXynigGMRmAQTRQhKwqXs2XgQAw/view?usp=drivesdk,,,,,,,,,,,,,,,,,,,,
Charlie Kirk,https://drive.google.com/file/d/15-7H1TmksqgLvfBCJ3W4XblCpZCg3TmR/view?usp=drivesdk,,,,,,,,,,,,,,,,,,,,
Chris Hodgson,https://drive.google.com/file/d/1fy7FBKlV7Vve1QQrkOnadD3MTpG_DHWJ/view?usp=share_link,,,,,,,,,,,,,,,,,,,,
Christina Bobb,https://drive.google.com/file/d/15C4BGLEeXGsHrRFqvibYko68P2OFtacn/view?usp=drivesdk,,,,,,,,,,,,,,,,,,,,
Christopher Barcenas,https://drive.google.com/file/d/15ETtR3B82VJpXaG8Pu58oEDjH3-jBufx/view?usp=drivesdk,,,,,,,,,,,,,,,,,,,,
Christopher Charles Miller,https://drive.google.com/file/d/15FFauswk3pW1MpZozjY99wiZS2_ztmCB/view?usp=drivesdk,,,,,,,,,,,,,,,,,,,,
Christopher J. Tomney,https://drive.google.com/file/d/15LdBIQPwP78NXhBjXPOdBJgRntDV7v3S/view?usp=drivesdk,,,,,,,,,,,,,,,,,,,,
Christopher Krebs,https://drive.google.com/file/d/15Llh5qvQGmIyKuGxhUGC6Upz-cb9qQaF/view?usp=drivesdk,,,,,,,,,,,,,,,,,,,,
Cindy Chafian,https://drive.google.com/file/d/1sx1LdPlgOzjqlww7YuE88jEnw7r9iYV-/view?usp=share_link,,,,,,,,,,,,,,,,,,,,
Cleta Mitchell,https://drive.google.com/file/d/1MB4JHzd7HNKwi_Y6P2sfTZFM1as9CQT-/view?usp=share_link,,,,,,,,,,,,,,,,,,,,
Craig Hunter,https://drive.google.com/file/d/1HD4kYBGWKbUpU5boRUzRR9hSVUiiSec-/view?usp=share_link,,,,,,,,,,,,,,,,,,,,
Daniel Herendeen,https://drive.google.com/file/d/1Ytpj31_YMgyWrF_pFNqY-OcT8_BO6lCZ/view?usp=share_link,,,,,,,,,,,,,,,,,,,,
"Daniel J. Scavino, Jr.",https://drive.google.com/file/d/1xer_QUbLcMvZ8iHdkzxfFHUYDdZKeiI7/view?usp=share_link,,,,,,,,,,,,,,,,,,,,
David Bowdich,https://drive.google.com/file/d/1ZiGwoLWhUyl8vqW1OVV5ZmFqa_hEMos0/view?usp=share_link,,,,,,,,,,,,,,,,,,,,
David Millard,https://drive.google.com/file/d/14FkikZNsplVRjJidk7lLhvmhxOblS0Du/view?usp=share_link,,,,,,,,,,,,,,,,,,,,
David Shafer,https://drive.google.com/file/d/15OLNg-0reUjZij5Dn2Rnac9EheC2Ydif/view?usp=share_link,,,,,,,,,,,,,,,,,,,,
Derek Lyons,https://drive.google.com/file/d/1r5cAFXw86c1bManmBhqWZDTiEw3qfHv_/view?usp=share_link,,,,,,,,,,,,,,,,,,,,
Dion Cini,https://drive.google.com/file/d/135SlEp6_-rhr14L1m58lUWS_765i72GG/view?usp=share_link,,,,,,,,,,,,,,,,,,,,
Donald John Trump Jr.,https://drive.google.com/file/d/1aKiOg1j-CNJ-ppA9uKjbuVZHyQuZgMXM/view?usp=share_link,,,,,,,,,,,,,,,,,,,,
Donnell Harvin,https://drive.google.com/file/d/1FOP263eot9kjtBpUL3N4j5cIkJZXkooC/view?usp=share_link,,,,,,,,,,,,,,,,,,,,
"Douglas C. Sellers, Jr.",https://drive.google.com/file/d/1DRIakgI0yVQ-TjcpaGMR7tUHGces9H60/view?usp=share_link,,,,,,,,,,,,,,,,,,,,
Douglas Macgregor,https://drive.google.com/file/d/1oikhMm2HtLukJf0ONara-FfNU_OmyBIj/view?usp=share_link,,,,,,,,,,,,,,,,,,,,
Douglas Mastriano,https://drive.google.com/file/d/1z6NoH_d2bBP_R32m6nSigQj-OSVdQHAP/view?usp=share_link,,,,,,,,,,,,,,,,,,,,
Dr. Christopher Rodriguez,https://drive.google.com/file/d/1Wo9pFCU6HsBNFokk2HQiEvn7tvTiwLo7/view?usp=share_link,,,,,,,,,,,,,,,,,,,,
Dustin Stockton,https://drive.google.com/file/d/1XYxRz_GfBIEnnBsis6UAfuafg8lFEzsV/view?usp=share_link,,,,,,,,,,,,,,,,,,,,
Dustin Thompson,https://drive.google.com/file/d/1Ev7Qj4fiQmmKhsNQwVGx0i2BD-2qseNt/view?usp=share_link,,,,,,,,,,,,,,,,,,,,
Ed Martin,https://drive.google.com/file/d/1u1tK5BGG8QJhkqca8aBIAe5rbFPlRV-Z/view?usp=share_link,,,,,,,,,,,,,,,,,,,,
Edward Durfee,https://drive.google.com/file/d/1k3_w91s6l3VIMA5RLTG1EdxrWvEHyhC1/view?usp=share_link,,,,,,,,,,,,,,,,,,,,
Elaine Chao,https://drive.google.com/file/d/1E3KCYz6D-ow-jsvwQuOv5YPiQJJH3oFJ/view?usp=share_link,,,,,,,,,,,,,,,,,,,,
Elmer Stewart Rhodes,https://drive.google.com/file/d/1pHqchUNpjh5zkEpkUDYnU34PtKUMDV89/view?usp=share_link,,,,,,,,,,,,,,,,,,,,
Enrique Alejandro de la Torre,CANNOT LOCATE,,,,,,,,,,,,,,,,,,,,
Eric Barber,https://drive.google.com/file/d/1kBL-49Vzi4JiMsZiIfrnHk6mA1KwYvuX/view?usp=share_link,,,,,,,,,,,,,,,,,,,,
Eric Herschmann,https://drive.google.com/file/d/1MtIWXoeYqakIQA4n4Z1RoFI5OnBMmdXU/view?usp=share_link,,,,,,,,,,,,,,,,,,,,
Eugene Scalia,https://drive.google.com/file/d/10KuPsV-Pm9FQAJ8KbDwqPGZpyx1z78XL/view?usp=drivesdk,,,,,,,,,,,,,,,,,,,,
Frances Haugen,https://drive.google.com/file/d/10M0_qn49IpBFrkQLcxxtdkQRnnFj9egz/view?usp=drivesdk,,,,,,,,,,,,,,,,,,,,
Francis Connor,https://drive.google.com/file/d/1hdlzW6lWn4-sC62OL-OMFKxyTj4HXmMp/view?usp=share_link,,,,,,,,,,,,,,,,,,,,
Frank J. Scavo III,https://drive.google.com/file/d/10WgVw3tUFAYwfceUZj1gE4yog9nFQ9XQ/view?usp=drivesdk,,,,,,,,,,,,,,,,,,,,
Frank Marchisella,CANNOT LOCATE,,,,,,,,,,,,,,,,,,,,
Garrett M. Ziegler,https://drive.google.com/file/d/1w389889svt3bVGAahx9bJEtztJXh1RhD/view?usp=share_link, ,,,,,,,,,,,,,,,,,,,
Gary Coby,https://drive.google.com/file/d/1K5cEdRiu4T_rFg_-SqAEfme5wXQmiJoK/view?usp=share_link,,,,,,,,,,,,,,,,,,,,
General Charles Anthony Flynn,https://drive.google.com/file/d/1eeT7-awnogT2sZOyb-uPHJ5kh_MtHZmy/view?usp=share_link,,,,,,,,,,,,,,,,,,,,
General James Charles McConville,https://drive.google.com/file/d/1imYecoGubzTQGwYefxMI9aqU8MRdOAFM/view?usp=share_link,,,,,,,,,,,,,,,,,,,,
General Mark. A. Milley,https://drive.google.com/file/d/1covsheBxlv8s7cvNUBWDfH9L5i0f3ojc/view?usp=share_link,,,,,,,,,,,,,,,,,,,,
General Walter Piatt,https://drive.google.com/file/d/1ni8QSD72B31T5OU_v0LWgVQ7uw2_Xm7G/view?usp=share_link,,,,,,,,,,,,,,,,,,,,
George Amos Tenney III,https://drive.google.com/file/d/1Uk6p31hjHxmJuPt-t3MenJ9wRMm5PUay/view?usp=share_link,,,,,,,,,,,,,,,,,,,,
George Douglas Smith Jr.,https://drive.google.com/file/d/12rL2cutPm308XjSSdUJccUGuoFW-CXTb/view?usp=share_link,,,,,,,,,,,,,,,,,,,,
George Meza,https://drive.google.com/file/d/1PWvrx9SHRQkMeTBBfhiz5G3KDHt5IO2t/view?usp=share_link,,,,,,,,,,,,,,,,,,,,
Greg Jacob,https://drive.google.com/file/d/1JNvf18i5ZDcekBDmyi3mK_89uq9voodk/view?usp=share_link,,,,,,,,,,,,,,,,,,,,
Greg Rubenacker,ONLY PHOTO IS IN CAPITOL - SMOKING,,,,,,,,,,,,,,,,,,,,
Hanna Allred,CANNOT LOCATE,,,,,,,,,,,,,,,,,,,,
Heidi Stirrup,https://drive.google.com/file/d/1zKUp0PwRFllWa8oP88znaIx0sjALkAKz/view?usp=share_link,,,,,,,,,,,,,,,,,,,,
Henry Tarrio,https://drive.google.com/file/d/1rmDo88LuksFZBqeCrBVQDR9b9kw6lH0b/view?usp=share_link,,,,,,,,,,,,,,,,,,,,
Hope Hicks,https://drive.google.com/file/d/18-1p0A0uwtnP8FbsD8FmXX9UfifvBSya/view?usp=share_link,,,,,,,,,,,,,,,,,,,,
Ian Northon,https://drive.google.com/file/d/1aCE4cWVfFuDhvvILRWRS6xhnf1xqvCi8/view?usp=share_link,,,,,,,,,,,,,,,,,,,,
Ivanka Trump,https://drive.google.com/file/d/1m0VEXTMe9SVdPHCqFUXhem9i2rwu5BtG/view?usp=share_link,,,,,,,,,,,,,,,,,,,,
J. Doe,ANON  ,,,,,,,,,,,,,,,,,,,,
J. Johnson,CANNOT LOCATE - TWITTER EMPLOYEE,,,,,,,,,,,,,,,,,,,,
J. Smith,ANON ,,,,,,,,,,,,,,,,,,,,
Jacqueline Shay Kotkiewicz,https://drive.google.com/file/d/1Kt7JHCtTqrgyQzCMZfOP3MdmorSO98oI/view?usp=share_link,,,,,,,,,,,,,,,,,,,,
James DeGraffenreid,https://drive.google.com/file/d/173KYEK0xtobKhDrVv3pEsiFJgvz6h3mh/view?usp=share_link,,,,,,,,,,,,,,,,,,,,
James Douglas Rahm III,https://drive.google.com/file/d/1NtPGPms9ijU-300MpXKf_WlrbTC22NGN/view?usp=share_link,,,,,,,,,,,,,,,,,,,,
James P. Waldron,https://drive.google.com/file/d/1xy2decs-t3INrwTpKCSzMYT11TlIEFJU/view?usp=share_link,,,,,,,,,,,,,,,,,,,,
James Watkins,https://drive.google.com/file/d/1bNijvsFwYZTMwc2VnHcIUAd4dk8b0uNA/view?usp=share_link,,,,,,,,,,,,,,,,,,,,
Jamie Fleet,https://drive.google.com/file/d/1jQRcDZ9DuKVn-8ZM1Kb9Uy8dNKO7rAd4/view?usp=share_link,,,,,,,,,,,,,,,,,,,,
Janet West Buhler,https://drive.google.com/file/d/1tRQoBSrSBJYVtar7hu3YBhJlWHs04-m5/view?usp=share_link,,,,,,,,,,,,,,,,,,,,
Jared Kushner,https://drive.google.com/file/d/1uAbPsEPuj8Tk84Cmzz0HmsNFNWLHmGnF/view?usp=share_link,,,,,,,,,,,,,,,,,,,,
Jason Funes,https://drive.google.com/file/d/1gX8nwmgk-aS40urWIIVBtdUsBuAqNtxa/view?usp=share_link,,,,,,,,,,,,,,,,,,,,
Jason Miller,https://drive.google.com/file/d/1JQglQnP8cMKFFYQIJTyA6WqmsG5fulME/view?usp=share_link,,,,,,,,,,,,,,,,,,,,
Jason Sullivan,https://drive.google.com/file/d/1Fwuisqo_mkaLiEBP_ZmN5B5TlNSPGtEZ/view?usp=share_link,,,,,,,,,,,,,,,,,,,,
Jason Van Tatenhove,https://drive.google.com/file/d/1-tL7oEElAukHZXoPSJrErXA4dyGZanQC/view?usp=share_link,,,,,,,,,,,,,,,,,,,,
Jay Thaxton,https://drive.google.com/file/d/179QsOfGP3YxgK5UNZT4Zag0HSmDXETCh/view?usp=share_link,,,,,,,,,,,,,,,,,,,,
Jean Lavin,https://drive.google.com/file/d/1sOAUEMTsg1YjuBgFM-F69W1v0u7wK72Q/view?usp=share_link, ,,,,,,,,,,,,,,,,,,,
Jeffrey Clark,https://drive.google.com/file/d/1NQLmUz6HZ0sJRd6dMvE-DIvqaAWnrBkt/view?usp=share_link,,,,,,,,,,,,,,,,,,,,
Jeffrey Lawrence Morelock,CANNOT LOCATE,,,,,,,,,,,,,,,,,,,,
Jeffrey Rosen,https://drive.google.com/file/d/1XOMSIbBQL69ZMY2Z5WcGQwBR8hSharTX/view?usp=share_link,,,,,,,,,,,,,,,,,,,,
Jenna Ellis,https://drive.google.com/file/d/1ruD0UFaLFQTsLXPIgDMoSJz19vHxwlrA/view?usp=share_link,,,,,,,,,,,,,,,,,,,,
Jennifer Moore,https://drive.google.com/file/d/1mYiWPo-LLXlSoZMP5aHtmsKdnCP0ZSrc/view?usp=share_link, ,,,,,,,,,,,,,,,,,,,
Jeremy Bertino,https://drive.google.com/file/d/1UsHVLQ1ryhOkbveP7tNizwOFKtPHszGP/view?usp=share_link,,,,,,,,,,,,,,,,,,,,
Jeremy Liggett,https://drive.google.com/file/d/1r-Dg6ZmDnkAQVvrhYGRUeamSdSgZQAHr/view?usp=share_link,,,,,,,,,,,,,,,,,,,,
Jewll Powdrell,CANNOT LOCATE, ,,,,,,,,,,,,,,,,,,,
Jocelyn Benson,https://drive.google.com/file/d/1iIHsbCJR0bLToiDPA5TFi8mrmKOD4Bi0/view?usp=share_link,,,,,,,,,,,,,,,,,,,,
Jody Williams,https://drive.google.com/file/d/1uAigMnh6EzmD61siy3MASPrz5_fGdOjk/view?usp=share_link,,,,,,,,,,,,,,,,,,,,
John Douglas Wright,https://drive.google.com/file/d/1tPntIqrKruIRt5Bv8bESu5ccvbtP-cXp/view?usp=share_link,,,,,,,,,,,,,,,,,,,,
John Eastman,https://drive.google.com/file/d/1_LCqdBVVrLV9WhDx1FqJKv-WfRW44D6v/view?usp=share_link,,,,,,,,,,,,,,,,,,,,
John Isakson,https://drive.google.com/file/d/1XzJgOttAG-4BxL9vhWqO1yw78agL8zDh/view?usp=share_link,,,,,,,,,,,,,,,,,,,,
John K. Donohue,https://drive.google.com/file/d/1715FYjIEgDvVpQyq75pmceyhR1Q78A9o/view?usp=share_link,,,,,,,,,,,,,,,,,,,,
John Matze,https://drive.google.com/file/d/1mtPPBJAIpd27fLVqR3uvlUG7LanW9Wmk/view?usp=share_link,,,,,,,,,,,,,,,,,,,,
John McEntee,https://drive.google.com/file/d/14CchHsuCdzZZIBOJpbGMuN2a-RGaEG-8/view?usp=share_link,,,,,,,,,,,,,,,,,,,,
"John Michael ""Mick"" Mulvaney",https://drive.google.com/file/d/17tN4Jda9sCqGrwMw5_w_Bf1IYnwqjTtt/view?usp=share_link,,,,,,,,,,,,,,,,,,,,
Josh Ellis,CANNOT LOCATE,,,,,,,,,,,,,,,,,,,,
Joshua Findlay,https://drive.google.com/file/d/1xZG9Y3kHqgxtvAsLsZtO4TQULdBhK4cn/view?usp=share_link,,,,,,,,,,,,,,,,,,,,
Joshua Macias,https://drive.google.com/file/d/1M7WfBxVKk468TUjIPPJHk_fLHt2pAx3h/view?usp=share_link,,,,,,,,,,,,,,,,,,,,
Judson P. Deere,https://drive.google.com/file/d/1LWwTJY7YrDCdyasMV53HBCYNIXWNqfzu/view?usp=share_link,,,,,,,,,,,,,,,,,,,,
Julia Fancelli,https://drive.google.com/file/d/1-Te_sYqG0jTul7V735ed__1WWy7T50x9/view?usp=share_link,,,,,,,,,,,,,,,,,,,,
Julie Farnam,https://drive.google.com/file/d/13yOJ8z25FzPbtx0dxbEpfG-OYp0sjyra/view?usp=share_link,,,,,,,,,,,,,,,,,,,,
Julie T. Radford,https://drive.google.com/file/d/1Vci0YOMdcNZ3u-vFV-9ZxWG0GZ0maAjH/view?usp=share_link,,,,,,,,,,,,,,,,,,,,
Justin Caporale,https://drive.google.com/file/d/1v-XU9STugkLZIowo0hk-NxCiOD8ifIoW/view?usp=share_link,,,,,,,,,,,,,,,,,,,,
Justin Clark,https://drive.google.com/file/d/1txhaquH2yYmWOyAWFTBBovUMF7eiQZ1h/view?usp=share_link,,,,,,,,,,,,,,,,,,,,
Kashyap Pramod Patel,https://drive.google.com/file/d/1IeqV6GHlOVpTmFuWzNIdW3qyBpnHvZcJ/view?usp=share_link,,,,,,,,,,,,,,,,,,,,
Kathy Berden,https://drive.google.com/file/d/1ndxw6NCESocMDg9AinCEJI3aKFIfBx9_/view?usp=share_link,,,,,,,,,,,,,,,,,,,,
Katrina Pierson,https://drive.google.com/file/d/1sHsoGyCsH6Nkw2NJApOMpt_8mdK1iARp/view?usp=share_link,,,,,,,,,,,,,,,,,,,,
Kayleigh McEnany,https://drive.google.com/file/d/1mtBXXgrQjp4QmPrycDZjvU8cLfX2lJnO/view?usp=share_link,,,,,,,,,,,,,,,,,,,,
Keith Kellogg Jr.,https://drive.google.com/file/d/1gwAlY7ELEhx82yAQj8RG05jPCgHrfkIy/view?usp=share_link,,,,,,,,,,,,,,,,,,,,
Kelli Ward,https://drive.google.com/file/d/1-m9ZP0d9wFvKXWhFjMlsd_vQeRneFRk5/view?usp=share_link,,,,,,,,,,,,,,,,,,,,
Kelly Ruh,https://drive.google.com/file/d/1FxbM7UZxBTLT8EKFMeK4bgr9fTiPhgsW/view?usp=share_link,,,,,,,,,,,,,,,,,,,,
Kellyanne Conway,https://drive.google.com/file/d/18IsysRRxd6ABR0SxOiyfgKRaRTFVeRx6/view?usp=share_link,,,,,,,,,,,,,,,,,,,,
Kellye SoRelle,https://drive.google.com/file/d/1BQ1K9DKofpOl5_cnlc14XDur9BvcpiQF/view?usp=share_link,,,,,,,,,,,,,,,,,,,,
Ken Cuccinelli,https://drive.google.com/file/d/17j_b2_gFedq_xKzzv-kB1fhsiWndMAwL/view?usp=share_link,,,,,,,,,,,,,,,,,,,,
Kenneth Chesebro,https://drive.google.com/file/d/17j_b2_gFedq_xKzzv-kB1fhsiWndMAwL/view?usp=share_link,,,,,,,,,,,,,,,,,,,,
Kenneth Klukowski,https://drive.google.com/file/d/1SJxnIXp12q5_wsva_CPPaBK50TDLjZoM/view?usp=share_link,,,,,,,,,,,,,,,,,,,,
Kevin Zambrano,https://drive.google.com/file/d/16gJb2TyXA1w4B2RT7MG0wugZU7VRFf_h/view?usp=share_link,,,,,,,,,,,,,,,,,,,,
Kimberly Fletcher,https://drive.google.com/file/d/1RsxjSTFehqwF4L7OUltuIlUQPTlnti2H/view?usp=share_link,,,,,,,,,,,,,,,,,,,,
Kimberly Guilfoyle,https://drive.google.com/file/d/1Cwo14X6rbyP77iCqgirSg4xKXSNi_nFf/view?usp=share_link,,,,,,,,,,,,,,,,,,,,
Kristin Davis,https://drive.google.com/file/d/1q0FQBqc1kJbP9bjl_zm6r-WBNqAXbHpO/view?usp=share_link,,,,,,,,,,,,,,,,,,,,
Kylie Kremer,https://drive.google.com/file/d/1iucIEAV__Vo5GldZT_jxMWbR3Qnolk_v/view?usp=share_link,,,,,,,,,,,,,,,,,,,,
Landon Bentley,CANNOT LOCATE,,,,,,,,,,,,,,,,,,,,
Larry Weitzner,https://drive.google.com/file/d/1kGvziKe-9Jh2Cip6Ir2EXQIfagvixWbm/view?usp=share_link,,,,,,,,,,,,,,,,,,,,
Laura Cox,https://drive.google.com/file/d/11-es_n4U57ldsnHa2o-noUYQJej1vuDq/view?usp=share_link,,,,,,,,,,,,,,,,,,,,
Lawrence Stackhouse,https://drive.google.com/file/d/1r3J9y_IVvdgkVgCUhLl8QBvlQ01fJlxl/view?usp=share_link,,,,,,,,,,,,,,,,,,,,
Lewis Cantwell,https://drive.google.com/file/d/1SAQg0Xos9dn1LgxLEL4KcQKJt7iRq4f1/view?usp=share_link,,,,,,,,,,,,,,,,,,,,
Madison Fox Porter,https://drive.google.com/file/d/1Th0UftLGkpFFeszhFEAzgABjp-XBZ988/view?usp=share_link,,,,,,,,,,,,,,,,,,,,
Marc Short,https://drive.google.com/file/d/1m4cjQQkQxwy66ucENkOCpvUs70SxNIzA/view?usp=share_link,,,,,,,,,,,,,,,,,,,,
Marcia Strickler,https://drive.google.com/file/d/1a_gbp82faiCx_upBIRnjdZpzaUgmbRHp/view?usp=share_link,,,,,,,,,,,,,,,,,,,,
Mark Esper,https://drive.google.com/file/d/1KQbbuyWesQy64L6E33pOGLuT7JTBgKfk/view?usp=share_link,,,,,,,,,,,,,,,,,,,,
Mark Finchem,https://drive.google.com/file/d/1JWU2MOTNiRlJNUu1T_TKJpmyECNb5aCE/view?usp=share_link,,,,,,,,,,,,,,,,,,,,
Mark Meadows,https://drive.google.com/file/d/1zoWgJtH2pWZtIONDC76dbnTk7c01HVXC/view?usp=share_link,,,,,,,,,,,,,,,,,,,,
Mark Robinson,https://drive.google.com/file/d/1Cs76B-kaNLtSyIE3jjd61Tq-I_l1zuyK/view?usp=share_link,,,,,,,,,,,,,,,,,,,,
Matthew Clarke,https://drive.google.com/file/d/1jNib2KCqPS09F2KJPwdYFzQJMG0Vb1Pm/view?usp=share_link,,,,,,,,,,,,,,,,,,,,
Matthew Forbes Pottinger,https://drive.google.com/file/d/1-Lu3ueihy9qvzJ0uyBsj9p8fzBXFKyru/view?usp=share_link,,,,,,,,,,,,,,,,,,,,
Matthew Morgan,https://drive.google.com/file/d/15lI2-siNChol98ffW6uGcD5hw3ZbWi7j/view?usp=share_link,,,,,,,,,,,,,,,,,,,,
Matthew Thomas Walter,https://drive.google.com/file/d/16xOC-195CgJZ1AXyPvgRaEPcYlHZecjF/view?usp=share_link,,,,,,,,,,,,,,,,,,,,
Max Miller,https://drive.google.com/file/d/1FfFCBb-og4inIXMX-bO0XgKX8bZtMVYk/view?usp=share_link,,,,,,,,,,,,,,,,,,,,
Mayra Rodriguez,https://drive.google.com/file/d/1mqUFc1DwvbBS21lzzEvHnHUaumr8ftnF/view?usp=share_link,,,,,,,,,,,,,,,,,,,,
Michael Ahrens,https://drive.google.com/file/d/1T0QU5Mc1B9bS_iS9H2AaEzarm_82zFEC/view?usp=share_link,,,,,,,,,,,,,,,,,,,,
Michael Flynn,https://drive.google.com/file/d/1S50Dc1EJSeLY9IOQgEKawYhVJKT6-LBo/view?usp=share_link,,,,,,,,,,,,,,,,,,,,
Michael J. McDonald,https://drive.google.com/file/d/1lvSaga7CztuPAxYwpL5SIV1g7JgoyNqX/view?usp=share_link,,,,,,,,,,,,,,,,,,,,
Michael Lee Wells,CANNOT LOCATE,,,,,,,,,,,,,,,,,,,,
Michael Pompeo,https://drive.google.com/file/d/1uMbMu_b3gaIbKGjE0SQwF9Xv5I_Tmtxx/view?usp=share_link,,,,,,,,,,,,,,,,,,,,
Michael Reed,https://drive.google.com/file/d/1Rc2TZCusp_BUWdDkL3LZHd-OCT1DpBP3/view?usp=share_link,,,,,,,,,,,,,,,,,,,,
Michael Roman,https://drive.google.com/file/d/1ZpkvfWNB9A7rAnMMKVD-S9ca8xKocYUV/view?usp=share_link,,,,,,,,,,,,,,,,,,,,
Michael Sherwin,https://drive.google.com/file/d/130eu3xh2VTgybtG5jOYQwr7vqXSYQ3uu/view?usp=share_link,,,,,,,,,,,,,,,,,,,,
Michael Shirkey,https://drive.google.com/file/d/1bGzIjmGej0Ky5fTt0y500IVCamrPPNGQ/view?usp=share_link,,,,,,,,,,,,,,,,,,,,
Michael Simmons,https://drive.google.com/file/d/1Uqf2XtbWmhDnqBzITfXg-TClm_jI3ejw/view?usp=share_link,,,,,,,,,,,,,,,,,,,,
Mike Sena,https://drive.google.com/file/d/1XXG4Fqmz7m1FWMQlGThi5T5eyHXlj0l-/view?usp=share_link,,,,,,,,,,,,,,,,,,,,
Molly Michael,https://drive.google.com/file/d/1m4TGrnzDha1S_55ex69yA2JfiI96hFPn/view?usp=share_link,,,,,,,,,,,,,,,,,,,,
Muriel Bowser,https://drive.google.com/file/d/1sxaHYhdsp6Fx0B9RKbeGuNN7r4ZQREb3/view?usp=share_link,,,,,,,,,,,,,,,,,,,,
Nicholas DeCarlo,https://drive.google.com/file/d/1KTgvvNxk172CY9fbPDrKm88XksX4r1AM/view?usp=share_link,,,,,,,,,,,,,,,,,,,,
Nicholas J. Fuentes,https://drive.google.com/file/d/1sWzn8PiuNIFsxMAW8yPBJYEiDQZPtLhx/view?usp=share_link,,,,,,,,,,,,,,,,,,,,
Nicholas Luna,https://drive.google.com/file/d/1KgYjIYcRNiLfBeiz9aNgsO7LMGLN2tPp/view?usp=share_link,,,,,,,,,,,,,,,,,,,,
Nick Quested,https://drive.google.com/file/d/1eBKnK--6UXRXHV7JTk49yr7LgUD8lY2A/view?usp=share_link,,,,,,,,,,,,,,,,,,,,
"Pasquale Anthony ""Pat"" Cipollone",https://drive.google.com/file/d/1WnxZ94MAVFC88jK1KDu7zs97_nHQ-dAQ/view?usp=share_link,,,,,,,,,,,,,,,,,,,,
Patrick Byrne,https://drive.google.com/file/d/1g2qV1XiMsvkb1c24hKJ4XOR-C0Cj75-m/view?usp=share_link,,,,,,,,,,,,,,,,,,,,
Patrick Casey,CANNOT LOCATE,,,,,,,,,,,,,,,,,,,,
Patrick MacDonnell,CANNOT LOCATE,,,,,,,,,,,,,,,,,,,,
Paul Irving,https://drive.google.com/file/d/1akwe2IaNkSe9ucmer3rJzmzo8UwAmfig/view?usp=share_link,,,,,,,,,,,,,,,,,,,,
Peter K. Navarro,https://drive.google.com/file/d/1t1bB_fYD5lRxttaeBppmioodBmNI9lTz/view?usp=share_link,,,,,,,,,,,,,,,,,,,,
Philip Luelsdorff,https://drive.google.com/file/d/1ToaQ1rAJkx8UX5Ghu6c8up6OGkF1OKNP/view?usp=share_link,,,,,,,,,,,,,,,,,,,,
Rachel Craddock,"https://drive.google.com/file/d/1ctLTrmGeXIincBufVzvDcN9r0lMFcL1i/view?usp=share_link 
https://drive.google.com/file/d/1o-r4PO5ijtrKo-pxNK1J8IQgbBb5IFCe/view?usp=share_link",,,,,,,,,,,,,,,,,,,,
Ray Epps,https://drive.google.com/file/d/11yqK6LIntm6YbRwiwHjPgkpBi2AOelEA/view?usp=share_link,,,,,,,,,,,,,,,,,,,,
Richard Dockery,https://drive.google.com/file/d/1OLtnIK2C2bSyLN5d2UmVTa4AGA-xPgDl/view?usp=share_link,,,,,,,,,,,,,,,,,,,,
Richard Peter Donoghue,https://drive.google.com/file/d/1mM4PGKucNOdxM_4dvZiNGJjx297Rrtf0/view?usp=share_link,,,,,,,,,,,,,,,,,,,,
Richard Walters,https://drive.google.com/file/d/1E5AxzsKF-RdNCT9Vq2JlyIyA-31NFoD8/view?usp=share_link,,,,,,,,,,,,,,,,,,,,
Robert Gabriel,CANNOT LOCATE,,,,,,,,,,,,,,,,,,,,
Robert Glover,https://drive.google.com/file/d/1YioWHNaxMext35h97yPzwzav3glqqQkS/view?usp=share_link,,,,,,,,,,,,,,,,,,,,
Robert J. Contee III,https://drive.google.com/file/d/1mtXvvmuKm-HEaCjypwdEVLYq5u1UUVQV/view?usp=share_link,,,,,,,,,,,,,,,,,,,,
Robert O'Brien,https://drive.google.com/file/d/1_CL8_lhNqPN4FrYMLYp9gxWYkhX5U9mY/view?usp=share_link,,,,,,,,,,,,,,,,,,,,
Robert Patrick Lewis,https://drive.google.com/file/d/1qUnXKGzfh_5d7qfKefJJYHTaXH1qHCEy/view?usp=share_link,,,,,,,,,,,,,,,,,,,,
Robert Peede,https://drive.google.com/file/d/1S5HYJPCM-Vsdbb3Lo6hYaLP01SpBGqon/view?usp=share_link,,,,,,,,,,,,,,,,,,,,
Robert Schornak,https://drive.google.com/file/d/1bYUGJtEKvJk0W9YWaNnJYp3YwA3JhJ_R/view?usp=share_link,,,,,,,,,,,,,,,,,,,,
Robert Sinners,https://drive.google.com/file/d/1QoFnbVbTxmJtHWfxCCK6nMWo4oJEq1Qj/view?usp=share_link,,,,,,,,,,,,,,,,,,,,
Robin Vos,https://drive.google.com/file/d/1W-RX3Jd1IIbWI_k3YO_gYeyd8gqSKBHz/view?usp=share_link,,,,,,,,,,,,,,,,,,,,
Roger Stone,https://drive.google.com/file/d/11QBP8iTYzoKzLIcZKPcJ2_Naav6HMDUn/view?usp=share_link,,,,,,,,,,,,,,,,,,,,
Ronna Romney McDaniel,https://drive.google.com/file/d/1Ib2iLt7YXPnmDLiMYGi1x8s6tglm3NMR/view?usp=share_link,,,,,,,,,,,,,,,,,,,,
Ross Worthington,CANNOT LOCATE,,,,,,,,,,,,,,,,,,,,
Ruby Freeman,https://drive.google.com/file/d/1fiDn6rZUm_kmz3vJSoTN2Yqlff0f3B9g/view?usp=share_link,,,,,,,,,,,,,,,,,,,,
Rudy Giuliani,https://drive.google.com/file/d/1EWKecv9XiOs3wMKtCs6z8Cy_baHDq3ZH/view?usp=share_link,,,,,,,,,,,,,,,,,,,,
"Russel ""Rusty"" Bowers",https://drive.google.com/file/d/1OKqqXkdKVkglRgCx1l4plzA812Qkebwh/view?usp=share_link,,,,,,,,,,,,,,,,,,,,
Ryan Kelley,https://drive.google.com/file/d/1evzarxjBi3cshT3b02fysK70wCxvJKHl/view?usp=share_link,,,,,,,,,,,,,,,,,,,,
Ryan McCarthy,https://drive.google.com/file/d/1oDK2it_P4I-RRGml_hkzOdXg_1cS_Cxe/view?usp=share_link,,,,,,,,,,,,,,,,,,,,
Sal Greco,https://drive.google.com/file/d/1jrEalBpM4ci9lO92Cm_WvPMF4m0cZXJS/view?usp=share_link,,,,,,,,,,,,,,,,,,,,
Samuel Armes,https://drive.google.com/file/d/1sn6wzsAEV-SDu-v8WlsaXM5yjBdcOQTf/view?usp=share_link,,,,,,,,,,,,,,,,,,,,
Sarah Matthews,https://drive.google.com/file/d/1Ef843sGJhR9dd8EX4sQ4jRawxn3FnF4e/view?usp=share_link,,,,,,,,,,,,,,,,,,,,
Scott Johnston,CANNOT LOCATE,,,,,,,,,,,,,,,,,,,,
Scott Kuntz,CANNOT LOCATE,,,,,,,,,,,,,,,,,,,,
Sean Dollman,CANNOT LOCATE,,,,,,,,,,,,,,,,,,,,
Sean Gallagher,https://drive.google.com/file/d/1nBygTYAl7MTWpj7nZTDVY8v62tdWwOFs/view?usp=share_link,,,,,,,,,,,,,,,,,,,,
Shawn Still,https://drive.google.com/file/d/1bj8ED17J22OyvnCfjreJPw3pu6OEC3sw/view?usp=share_link,,,,,,,,,,,,,,,,,,,,
Shawna Martin,CANNOT LOCATE,,,,,,,,,,,,,,,,,,,,
Shealah D. Craighead,https://drive.google.com/file/d/1YRCNEofOp-OyEm7xqLdiSIwEq9iuIC_3/view?usp=share_link,,,,,,,,,,,,,,,,,,,,
Sidney Powell,https://drive.google.com/file/d/1eekpy9aAKDTtQaMHTfwJLaFjvMQ6Kxo-/view?usp=share_link,,,,,,,,,,,,,,,,,,,,
Stephanie A. Grisham,https://drive.google.com/file/d/1-EQ3z3I6HBwQSgnUFh0V4_dtfpzehmrn/view?usp=share_link,,,,,,,,,,,,,,,,,,,,
Stephanie Dobitsch,https://drive.google.com/file/d/1ulwULXYH3vmZBuzoH6BJ2F8LD1C-yXh-/view?usp=share_link,,,,,,,,,,,,,,,,,,,,
Stephen K. Bannon,https://drive.google.com/file/d/1h_GoQfAw1qG-6kHOp6uhnza5-hVmQIYJ/view?usp=share_link,,,,,,,,,,,,,,,,,,,,
Stephen Michael Ayres,https://drive.google.com/file/d/1nNuJJAXcjLIRFyEJdgBT6BEsRjJxYJTh/view?usp=share_link,,,,,,,,,,,,,,,,,,,,
Stephen Miller,https://drive.google.com/file/d/1f_lZbz90jcnzRa7Fw4hIg2ZN5HhAdr5G/view?usp=share_link,,,,,,,,,,,,,,,,,,,,
Steven Engel,https://drive.google.com/file/d/1aleSO_5yxZzq8U7nLKWtKtRFZRU5Atcn/view?usp=share_link,,,,,,,,,,,,,,,,,,,,
Steven Mnuchin,https://drive.google.com/file/d/13Q-RSeC36bR9P5ipUjAwc-PoaJwn_iz0/view?usp=share_link,,,,,,,,,,,,,,,,,,,,
Steven Sund,https://drive.google.com/file/d/1hIHtAhoZBU6y6nWpYJk5JPD6UtL0gVji/view?usp=share_link,,,,,,,,,,,,,,,,,,,,
Taylor Budowich,https://drive.google.com/file/d/1gz7-41NnZbieyD0vZ62OKsgn65d7dkcN/view?usp=share_link,,,,,,,,,,,,,,,,,,,,
Thomas Paul Conover,https://drive.google.com/file/d/1woPmUblj_ghwE2mNreuVh1Fi03H2xBSf/view?usp=share_link,,,,,,,,,,,,,,,,,,,,
Thomas Speciale,https://drive.google.com/file/d/1NQnMtneSfDu8YIFJU2unEgDoKDTytOzo/view?usp=share_link,,,,,,,,,,,,,,,,,,,,
Timothy Murtaugh,https://drive.google.com/file/d/1uzSSkbBzVS_Mhvz24s_DNbcrF2XDe8n1/view?usp=share_link,,,,,,,,,,,,,,,,,,,,
Trevor Hallgren,CANNOT LOCATE,,,,,,,,,,,,,,,,,,,,
Valerie Hasberry,https://drive.google.com/file/d/1x7x3G4e5ceZbErsXYwa29XDzEiXvJxTO/view?usp=share_link,,,,,,,,,,,,,,,,,,,,
Vincent Haley,https://drive.google.com/file/d/1NTTyLapTSjToopB_KBq7jf_9wfZXuQt9/view?usp=share_link,,,,,,,,,,,,,,,,,,,,
Virginia L. Thomas,https://drive.google.com/file/d/1cuDdOIsFrqZRHlLTuHUVH6rEFAbRirDP/view?usp=share_link,,,,,,,,,,,,,,,,,,,,
Wandrea Arshaye Moss,https://drive.google.com/file/d/1cuDdOIsFrqZRHlLTuHUVH6rEFAbRirDP/view?usp=share_link,,,,,,,,,,,,,,,,,,,,
William Barr,https://drive.google.com/file/d/1xaU9p0jxeBzNSTIdUWU4QAcGKJc8S_k1/view?usp=share_link,,,,,,,,,,,,,,,,,,,,
William Beau Harrison,https://drive.google.com/file/d/1bmfq3pJsbiQl4ePySj7_BJwyoFF741oE/view?usp=share_link,,,,,,,,,,,,,,,,,,,,
William Bock IV,https://drive.google.com/file/d/1b0ZJIOA3Nm1PUjFG-IHQWFT6BFqQPnOs/view?usp=share_link,,,,,,,,,,,,,,,,,,,,
William Stepien,https://drive.google.com/file/d/1ntM4ewYXZd1J-Rbg51Nqa0nocpu7agC0/view?usp=share_link,,,,,,,,,,,,,,,,,,,,
William Walker,https://drive.google.com/file/d/1M_0Fw0-JA59-Ka6OOHv9uULA8G-FJyUx/view?usp=share_link,,,,,,,,,,,,,,,,,,,,
Yogananda Pittman,https://drive.google.com/file/d/1qerxx5TTnmAaRnERq9ahA_JIj0lSgnaU/view?usp=share_link,,,,,,,,,,,,,,,,,,,,
Zac Martin,https://drive.google.com/file/d/11WoORLWxF3CCfMbzHLsvlDVL1xE6aSLh/view?usp=drivesdk,,,,,,,,,,,,,,,,,,,,
, ,,,,,,,,,,,,,,,,,,,,
